filename,success,timestamp
ipg160712.xml,1,2016-07-15 23:08:54.114666
ipg160705.xml,1,2016-07-15 23:11:05.946446
ipg160628.xml,1,2016-07-15 23:13:51.271022
ipg160621.xml,1,2016-07-15 23:16:11.201583
ipg160614.xml,1,2016-07-15 23:19:14.112197
ipg160607.xml,1,2016-07-15 23:22:38.238321
ipg160531.xml,1,2016-07-15 23:24:27.685682
ipg160524.xml,1,2016-07-15 23:25:29.232317
ipg160517.xml,1,2016-07-15 23:26:28.054419
ipg160510.xml,1,2016-07-15 23:27:45.745828
ipg160503.xml,1,2016-07-15 23:28:48.207655
ipg160426.xml,1,2016-07-15 23:29:51.532372
ipg160419.xml,1,2016-07-15 23:31:07.595596
ipg160412.xml,1,2016-07-15 23:32:10.346901
ipg160405.xml,1,2016-07-15 23:33:07.731515
ipg160329.xml,1,2016-07-15 23:34:08.696919
ipg160322.xml,1,2016-07-15 23:35:12.430423
ipg160315.xml,1,2016-07-15 23:36:13.187784
ipg160308.xml,1,2016-07-15 23:37:00.628470
ipg160301.xml,1,2016-07-15 23:38:02.687635
ipg160223.xml,1,2016-07-15 23:39:04.882016
ipg160216.xml,1,2016-07-15 23:40:07.340196
ipg160209.xml,1,2016-07-15 23:40:53.361061
ipg160202.xml,1,2016-07-15 23:41:57.831003
ipg160126.xml,1,2016-07-15 23:43:00.452129
ipg160119.xml,1,2016-07-15 23:43:38.174901
ipg160112.xml,1,2016-07-15 23:44:28.748564
ipg160105.xml,1,2016-07-15 23:45:29.728014
ipg151229.xml,1,2016-07-15 23:46:29.787433
ipg151222.xml,1,2016-07-15 23:47:05.172451
ipg151215.xml,1,2016-07-15 23:47:43.993875
ipg151208.xml,1,2016-07-15 23:48:29.329891
ipg151201.xml,1,2016-07-15 23:49:17.443415
ipg151124.xml,1,2016-07-15 23:50:04.497529
ipg151117.xml,1,2016-07-15 23:51:05.670921
ipg151110.xml,1,2016-07-15 23:52:15.412337
ipg151103.xml,1,2016-07-15 23:53:26.100800
ipg151027.xml,1,2016-07-15 23:54:19.508254
ipg151020.xml,1,2016-07-15 23:55:17.627350
ipg151013.xml,1,2016-07-15 23:56:16.325464
ipg151006.xml,1,2016-07-15 23:57:14.292316
ipg150929.xml,1,2016-07-15 23:57:58.661456
ipg150922.xml,1,2016-07-15 23:58:59.360322
ipg150915.xml,1,2016-07-16 00:00:02.844097
ipg150908.xml,1,2016-07-16 00:01:06.579695
ipg150901.xml,1,2016-07-16 00:01:59.366186
ipg150825.xml,1,2016-07-16 00:03:04.589883
ipg150818.xml,1,2016-07-16 00:04:21.223797
ipg150811.xml,1,2016-07-16 00:05:42.872286
ipg150804.xml,1,2016-07-16 00:08:04.345833
ipg150728.xml,1,2016-07-16 00:09:50.167495
ipg150721.xml,1,2016-07-16 00:11:11.920382
ipg150714.xml,1,2016-07-16 00:13:07.582508
ipg150707.xml,1,2016-07-16 00:15:12.226494
ipg150630.xml,1,2016-07-16 00:16:48.685869
ipg150623.xml,1,2016-07-16 00:17:56.291049
ipg150616.xml,1,2016-07-16 00:19:00.551415
ipg150609.xml,1,2016-07-16 00:20:44.910180
ipg150602.xml,1,2016-07-16 00:22:19.531055
ipg150526.xml,1,2016-07-16 00:23:57.565526
ipg150519.xml,1,2016-07-16 00:25:28.973334
ipg150512.xml,1,2016-07-16 00:26:52.098656
ipg150505.xml,1,2016-07-16 00:28:17.117473
ipg150428.xml,1,2016-07-16 00:29:47.288452
ipg150421.xml,1,2016-07-16 00:31:39.445160
ipg150414.xml,1,2016-07-16 00:37:34.086941
ipg150407.xml,1,2016-07-16 00:42:13.863152
ipg150331.xml,1,2016-07-16 00:44:14.362108
ipg150324.xml,1,2016-07-16 00:45:59.490058
ipg150317.xml,1,2016-07-16 00:47:44.453082
ipg150310.xml,1,2016-07-16 00:49:06.823779
ipg150303.xml,1,2016-07-16 00:50:43.430616
ipg150224.xml,1,2016-07-16 00:52:31.516326
ipg150217.xml,1,2016-07-16 00:53:50.423415
ipg150210.xml,1,2016-07-16 00:55:20.865673
ipg150203.xml,1,2016-07-16 00:57:03.713463
ipg150127.xml,1,2016-07-16 00:58:18.906746
ipg150120.xml,1,2016-07-16 00:59:06.512572
ipg150113.xml,1,2016-07-16 01:00:29.484140
ipg150106.xml,1,2016-07-16 01:02:10.696713
ipg141230.xml,1,2016-07-16 01:03:48.196712
ipg141223.xml,1,2016-07-16 01:04:58.083196
ipg141216.xml,1,2016-07-16 01:06:14.089139
ipg141209.xml,1,2016-07-16 01:07:53.708079
ipg141202.xml,1,2016-07-16 01:09:24.587475
ipg141125.xml,1,2016-07-16 01:10:51.686860
ipg141118.xml,1,2016-07-16 01:12:29.157857
ipg141111.xml,1,2016-07-16 01:14:08.910829
ipg141104.xml,1,2016-07-16 01:15:31.752424
ipg141028.xml,1,2016-07-16 01:17:10.216877
ipg141021.xml,1,2016-07-16 01:18:27.117984
ipg141014.xml,1,2016-07-16 01:19:43.324125
ipg141007.xml,1,2016-07-16 01:21:32.570559
ipg140930.xml,1,2016-07-16 01:23:22.854698
ipg140923.xml,1,2016-07-16 01:24:38.883775
ipg140916.xml,1,2016-07-16 01:26:19.420149
ipg140909.xml,1,2016-07-16 01:27:54.065393
ipg140902.xml,1,2016-07-16 01:29:43.753276
ipg140826.xml,1,2016-07-16 01:31:15.719439
ipg140819.xml,1,2016-07-16 01:32:54.484523
ipg140812.xml,1,2016-07-16 01:34:30.402467
ipg140805.xml,1,2016-07-16 01:36:02.624797
ipg140729.xml,1,2016-07-16 01:37:17.941134
ipg140722.xml,1,2016-07-16 01:38:58.859210
ipg140715.xml,1,2016-07-16 01:40:36.601674
ipg140708.xml,1,2016-07-16 01:42:13.427988
ipg140701.xml,1,2016-07-16 01:44:08.448366
ipg140624.xml,1,2016-07-16 01:45:58.407411
ipg140617.xml,1,2016-07-16 01:47:11.605586
ipg140610.xml,1,2016-07-16 01:48:48.726960
ipg140603.xml,1,2016-07-16 01:50:34.868038
ipg140527.xml,1,2016-07-16 01:52:17.170950
ipg140520.xml,1,2016-07-16 01:53:46.084275
ipg140513.xml,1,2016-07-16 01:55:03.849712
ipg140506.xml,1,2016-07-16 01:56:21.430083
ipg140429.xml,1,2016-07-16 01:57:54.698191
ipg140422.xml,1,2016-07-16 01:59:39.405976
ipg140415.xml,1,2016-07-16 02:01:29.560001
ipg140408.xml,1,2016-07-16 02:02:57.731069
ipg140401.xml,1,2016-07-16 02:04:32.075044
ipg140325.xml,1,2016-07-16 02:06:03.171465
ipg140318.xml,1,2016-07-16 02:07:43.881292
ipg140311.xml,1,2016-07-16 02:08:45.562025
ipg140304.xml,1,2016-07-16 02:10:13.996725
ipg140225.xml,1,2016-07-16 02:11:29.098340
ipg140218.xml,1,2016-07-16 02:12:56.030557
ipg140211.xml,1,2016-07-16 02:14:00.536670
ipg140204.xml,1,2016-07-16 02:15:36.664544
ipg140128.xml,1,2016-07-16 02:16:59.790885
ipg140121.xml,1,2016-07-16 02:18:11.069955
ipg140114.xml,1,2016-07-16 02:19:20.677778
ipg140107.xml,1,2016-07-16 02:20:51.627398
ipg131231.xml,1,2016-07-16 02:22:25.270513
ipg131224.xml,1,2016-07-16 02:23:14.970198
ipg131217.xml,1,2016-07-16 02:24:40.123418
ipg131210.xml,1,2016-07-16 02:26:20.557852
ipg131203.xml,1,2016-07-16 02:27:44.403414
ipg131126.xml,1,2016-07-16 02:29:04.168223
ipg131119.xml,1,2016-07-16 02:30:26.941776
ipg131112.xml,1,2016-07-16 02:31:49.084268
ipg131105.xml,1,2016-07-16 02:33:20.586177
ipg131029.xml,1,2016-07-16 02:34:43.701501
ipg131022.xml,1,2016-07-16 02:35:49.059990
ipg131015.xml,1,2016-07-16 02:36:38.735873
ipg131008.xml,1,2016-07-16 02:37:28.727545
ipg131001.xml,1,2016-07-16 02:38:19.482997
ipg130924.xml,1,2016-07-16 02:39:02.724721
ipg130917.xml,1,2016-07-16 02:39:52.041060
ipg130910.xml,1,2016-07-16 02:40:42.233595
ipg130903.xml,1,2016-07-16 02:41:31.028650
ipg130827.xml,1,2016-07-16 02:42:21.506397
ipg130820.xml,1,2016-07-16 02:43:12.599626
ipg130813.xml,1,2016-07-16 02:44:01.845964
ipg130806.xml,1,2016-07-16 02:44:52.179178
ipg130730.xml,1,2016-07-16 02:45:23.375583
ipg130723.xml,1,2016-07-16 02:46:11.204899
ipg130716.xml,1,2016-07-16 02:46:59.488243
ipg130709.xml,1,2016-07-16 02:47:46.880823
ipg130702.xml,1,2016-07-16 02:48:33.626264
ipg130625.xml,1,2016-07-16 02:49:19.604506
ipg130618.xml,1,2016-07-16 02:49:57.300892
ipg130611.xml,1,2016-07-16 02:50:45.836270
ipg130604.xml,1,2016-07-16 02:51:32.045147
ipg130528.xml,1,2016-07-16 02:52:14.730277
ipg130521.xml,1,2016-07-16 02:52:56.811606
ipg130514.xml,1,2016-07-16 02:53:39.316429
ipg130507.xml,1,2016-07-16 02:54:18.325484
ipg130430.xml,1,2016-07-16 02:54:58.081961
ipg130423.xml,1,2016-07-16 02:55:46.736346
ipg130416.xml,1,2016-07-16 02:56:38.050477
ipg130409.xml,1,2016-07-16 02:57:19.167693
ipg130402.xml,1,2016-07-16 02:58:05.138299
ipg130326.xml,1,2016-07-16 02:58:48.569799
ipg130319.xml,1,2016-07-16 02:59:36.595118
ipg130312.xml,1,2016-07-16 03:00:18.659632
ipg130305.xml,1,2016-07-16 03:01:07.975402
ipg130226.xml,1,2016-07-16 03:01:58.580807
ipg130219.xml,1,2016-07-16 03:02:48.727747
ipg130212.xml,1,2016-07-16 03:03:29.671027
ipg130205.xml,1,2016-07-16 03:04:22.665481
ipg130129.xml,1,2016-07-16 03:05:12.881343
ipg130122.xml,1,2016-07-16 03:05:43.024505
ipg130115.xml,1,2016-07-16 03:06:15.592879
ipg130108.xml,1,2016-07-16 03:07:06.654344
ipg130101.xml,1,2016-07-16 03:07:59.404446
ipg121225.xml,1,2016-07-16 03:08:52.361495
ipg121218.xml,1,2016-07-16 03:09:20.070441
ipg121211.xml,1,2016-07-16 03:10:05.549477
ipg121204.xml,1,2016-07-16 03:10:42.711038
ipg121127.xml,1,2016-07-16 03:11:19.873419
ipg121120.xml,1,2016-07-16 03:11:46.392646
ipg121113.xml,1,2016-07-16 03:12:21.582811
ipg121106.xml,1,2016-07-16 03:12:52.878119
ipg121030.xml,1,2016-07-16 03:13:41.369483
ipg121023.xml,1,2016-07-16 03:14:26.759522
ipg121016.xml,1,2016-07-16 03:15:14.374634
ipg121009.xml,1,2016-07-16 03:15:56.272938
ipg121002.xml,1,2016-07-16 03:16:45.542395
ipg120925.xml,1,2016-07-16 03:17:24.985043
ipg120918.xml,1,2016-07-16 03:18:14.194361
ipg120911.xml,1,2016-07-16 03:19:04.461604
ipg120904.xml,1,2016-07-16 03:19:51.860628
ipg120828.xml,1,2016-07-16 03:20:41.530054
ipg120821.xml,1,2016-07-16 03:21:25.677678
ipg120814.xml,1,2016-07-16 03:22:11.730054
ipg120807.xml,1,2016-07-16 03:22:59.409415
ipg120731.xml,1,2016-07-16 03:23:37.348238
ipg120724.xml,1,2016-07-16 03:24:23.212119
ipg120717.xml,1,2016-07-16 03:25:13.678480
ipg120710.xml,1,2016-07-16 03:25:59.382938
ipg120703.xml,1,2016-07-16 03:26:46.479803
ipg120626.xml,1,2016-07-16 03:27:34.818595
ipg120619.xml,1,2016-07-16 03:28:09.077512
ipg120612.xml,1,2016-07-16 03:28:51.560041
ipg120605.xml,1,2016-07-16 03:29:35.802634
ipg120529.xml,1,2016-07-16 03:30:25.580239
ipg120522.xml,1,2016-07-16 03:31:07.359907
ipg120515.xml,1,2016-07-16 03:31:50.235799
ipg120508.xml,1,2016-07-16 03:32:35.020680
ipg120501.xml,1,2016-07-16 03:33:21.254385
ipg120424.xml,1,2016-07-16 03:34:07.154760
ipg120417.xml,1,2016-07-16 03:34:52.184706
ipg120410.xml,1,2016-07-16 03:35:40.462981
ipg120403.xml,1,2016-07-16 03:36:26.417246
ipg120327.xml,1,2016-07-16 03:37:10.989139
ipg120320.xml,1,2016-07-16 03:38:00.232013
ipg120313.xml,1,2016-07-16 03:38:39.761741
ipg120306.xml,1,2016-07-16 03:39:32.466616
ipg120228.xml,1,2016-07-16 03:40:21.541751
ipg120221.xml,1,2016-07-16 03:41:11.894945
ipg120214.xml,1,2016-07-16 03:41:59.004115
ipg120207.xml,1,2016-07-16 03:42:37.161172
ipg120131.xml,1,2016-07-16 03:43:25.525152
ipg120124.xml,1,2016-07-16 03:44:09.928375
ipg120117.xml,1,2016-07-16 03:44:46.465457
ipg120110.xml,1,2016-07-16 03:45:35.195938
ipg120103.xml,1,2016-07-16 03:46:17.036332
ipg111227.xml,1,2016-07-16 03:46:59.442157
ipg111220.xml,1,2016-07-16 03:47:34.009002
ipg111213.xml,1,2016-07-16 03:48:20.684991
ipg111206.xml,1,2016-07-16 03:49:13.348192
ipg111129.xml,1,2016-07-16 03:49:57.206294
ipg111122.xml,1,2016-07-16 03:50:45.453388
ipg111115.xml,1,2016-07-16 03:51:32.866546
ipg111108.xml,1,2016-07-16 03:52:15.131690
ipg111101.xml,1,2016-07-16 03:53:04.205025
ipg111025.xml,1,2016-07-16 03:53:50.430124
ipg111018.xml,1,2016-07-16 03:54:35.307972
ipg111011.xml,1,2016-07-16 03:55:19.527696
ipg111004.xml,1,2016-07-16 03:56:08.005433
ipg110927.xml,1,2016-07-16 03:56:43.050475
ipg110920.xml,1,2016-07-16 03:57:28.845990
ipg110913.xml,1,2016-07-16 03:58:17.435919
ipg110906.xml,1,2016-07-16 03:59:06.120178
ipg110830.xml,1,2016-07-16 03:59:53.219416
ipg110823.xml,1,2016-07-16 04:00:35.265871
ipg110816.xml,1,2016-07-16 04:01:14.784217
ipg110809.xml,1,2016-07-16 04:01:53.958213
ipg110802.xml,1,2016-07-16 04:02:39.577428
ipg110726.xml,1,2016-07-16 04:03:11.905910
ipg110719.xml,1,2016-07-16 04:04:20.369974
ipg110712.xml,1,2016-07-16 04:05:20.126811
ipg110705.xml,1,2016-07-16 04:06:28.536606
ipg110628.xml,1,2016-07-16 04:07:47.344474
ipg110621.xml,1,2016-07-16 04:09:13.822627
ipg110614.xml,1,2016-07-16 04:10:02.681896
ipg110607.xml,1,2016-07-16 04:11:47.800570
ipg110531.xml,1,2016-07-16 04:12:35.724601
ipg110524.xml,1,2016-07-16 04:13:34.272691
ipg110517.xml,1,2016-07-16 04:15:14.321872
ipg110510.xml,1,2016-07-16 04:16:06.020582
ipg110503.xml,1,2016-07-16 04:16:42.209481
ipg110426.xml,1,2016-07-16 04:17:34.397480
ipg110419.xml,1,2016-07-16 04:19:19.321878
ipg110412.xml,1,2016-07-16 04:20:34.347430
ipg110405.xml,1,2016-07-16 04:21:17.381553
ipg110329.xml,1,2016-07-16 04:22:48.410626
ipg110322.xml,1,2016-07-16 04:23:48.211780
ipg110315.xml,1,2016-07-16 04:24:46.109103
ipg110308.xml,1,2016-07-16 04:26:01.891511
ipg110301.xml,1,2016-07-16 04:27:38.580389
ipg110222.xml,1,2016-07-16 04:28:27.811051
ipg110215.xml,1,2016-07-16 04:29:05.201522
ipg110208.xml,1,2016-07-16 04:29:38.930027
ipg110201.xml,1,2016-07-16 04:30:50.641579
ipg110125.xml,1,2016-07-16 04:31:25.754828
ipg110118.xml,1,2016-07-16 04:31:56.426774
ipg110111.xml,1,2016-07-16 04:32:30.646153
ipg110104.xml,1,2016-07-16 04:33:12.486770
ipg101228.xml,1,2016-07-16 04:34:06.998096
ipg101221.xml,1,2016-07-16 04:34:35.049511
ipg101214.xml,1,2016-07-16 04:35:10.770834
ipg101207.xml,1,2016-07-16 04:35:51.991387
ipg101130.xml,1,2016-07-16 04:36:26.311063
ipg101123.xml,1,2016-07-16 04:37:07.001529
ipg101116.xml,1,2016-07-16 04:37:45.790849
ipg101109.xml,1,2016-07-16 04:38:28.509118
ipg101102.xml,1,2016-07-16 04:39:05.576210
ipg101026.xml,1,2016-07-16 04:39:46.268595
ipg101019.xml,1,2016-07-16 04:40:26.025473
ipg101012.xml,1,2016-07-16 04:41:06.603183
ipg101005.xml,1,2016-07-16 04:41:47.363475
ipg100928.xml,1,2016-07-16 04:42:22.264235
ipg100921.xml,1,2016-07-16 04:43:00.399098
ipg100914.xml,1,2016-07-16 04:43:39.580946
ipg100907.xml,1,2016-07-16 04:44:23.215101
ipg100831.xml,1,2016-07-16 04:45:05.127940
ipg100824.xml,1,2016-07-16 04:45:44.314180
ipg100817.xml,1,2016-07-16 04:46:25.472832
ipg100810.xml,1,2016-07-16 04:47:05.906508
ipg100803.xml,1,2016-07-16 04:47:44.314215
ipg100727.xml,1,2016-07-16 04:48:15.636339
ipg100720.xml,1,2016-07-16 04:48:55.077679
ipg100713.xml,1,2016-07-16 04:49:34.058165
ipg100706.xml,1,2016-07-16 04:50:14.611692
ipg100629.xml,1,2016-07-16 04:50:54.107646
ipg100622.xml,1,2016-07-16 04:51:30.782231
ipg100615.xml,1,2016-07-16 04:52:12.116738
ipg100608.xml,1,2016-07-16 04:52:50.479376
ipg100601.xml,1,2016-07-16 04:53:27.465020
ipg100525.xml,1,2016-07-16 04:54:08.528633
ipg100518.xml,1,2016-07-16 04:54:50.592882
ipg100511.xml,1,2016-07-16 04:55:32.279723
ipg100504.xml,1,2016-07-16 04:56:13.256492
ipg100427.xml,1,2016-07-16 04:56:52.002954
ipg100420.xml,1,2016-07-16 04:57:33.080686
ipg100413.xml,1,2016-07-16 04:58:11.340576
ipg100406.xml,1,2016-07-16 04:58:50.801835
ipg100330.xml,1,2016-07-16 04:59:28.798417
ipg100323.xml,1,2016-07-16 05:00:05.460997
ipg100316.xml,1,2016-07-16 05:00:42.916643
ipg100309.xml,1,2016-07-16 05:01:13.617717
ipg100302.xml,1,2016-07-16 05:01:49.138279
ipg100223.xml,1,2016-07-16 05:02:28.148179
ipg100216.xml,1,2016-07-16 05:03:05.603141
ipg100209.xml,1,2016-07-16 05:03:35.870604
ipg100202.xml,1,2016-07-16 05:04:12.994289
ipg100126.xml,1,2016-07-16 05:04:41.456151
ipg100119.xml,1,2016-07-16 05:05:07.057024
ipg100112.xml,1,2016-07-16 05:05:33.500641
ipg100105.xml,1,2016-07-16 05:06:05.966696
ipg091229.xml,1,2016-07-16 05:06:37.229511
ipg091222.xml,1,2016-07-16 05:06:56.415487
ipg091215.xml,1,2016-07-16 05:07:26.053075
ipg091208.xml,1,2016-07-16 05:07:58.200484
ipg091201.xml,1,2016-07-16 05:08:28.709984
ipg091124.xml,1,2016-07-16 05:08:59.970705
ipg091117.xml,1,2016-07-16 05:09:33.192740
ipg091110.xml,1,2016-07-16 05:10:01.283139
ipg091103.xml,1,2016-07-16 05:10:33.440525
ipg091027.xml,1,2016-07-16 05:11:05.564691
ipg091020.xml,1,2016-07-16 05:11:34.546141
ipg091013.xml,1,2016-07-16 05:12:05.795172
ipg091006.xml,1,2016-07-16 05:12:37.367361
ipg090929.xml,1,2016-07-16 05:13:00.853584
ipg090922.xml,1,2016-07-16 05:13:33.322607
ipg090915.xml,1,2016-07-16 05:14:02.328107
ipg090908.xml,1,2016-07-16 05:14:31.247834
ipg090901.xml,1,2016-07-16 05:15:00.004252
ipg090825.xml,1,2016-07-16 05:15:30.632465
ipg090818.xml,1,2016-07-16 05:16:01.290632
ipg090811.xml,1,2016-07-16 05:16:30.915282
ipg090804.xml,1,2016-07-16 05:16:58.118891
ipg090728.xml,1,2016-07-16 05:17:22.131505
ipg090721.xml,1,2016-07-16 05:17:49.154318
ipg090714.xml,1,2016-07-16 05:18:17.650080
ipg090707.xml,1,2016-07-16 05:18:47.500984
ipg090630.xml,1,2016-07-16 05:19:17.795350
ipg090623.xml,1,2016-07-16 05:19:46.242357
ipg090616.xml,1,2016-07-16 05:20:09.183647
ipg090609.xml,1,2016-07-16 05:20:37.581704
ipg090602.xml,1,2016-07-16 05:21:05.524045
ipg090526.xml,1,2016-07-16 05:21:35.554245
ipg090519.xml,1,2016-07-16 05:22:05.994415
ipg090512.xml,1,2016-07-16 05:22:37.762680
ipg090505.xml,1,2016-07-16 05:23:07.767050
ipg090428.xml,1,2016-07-16 05:23:40.805522
ipg090421.xml,1,2016-07-16 05:24:14.693442
ipg090414.xml,1,2016-07-16 05:24:45.506192
ipg090407.xml,1,2016-07-16 05:25:16.677963
ipg090331.xml,1,2016-07-16 05:25:46.563128
ipg090324.xml,1,2016-07-16 05:26:16.356061
ipg090317.xml,1,2016-07-16 05:26:46.971780
ipg090310.xml,1,2016-07-16 05:27:11.922692
ipg090303.xml,1,2016-07-16 05:27:38.866289
ipg090224.xml,1,2016-07-16 05:28:10.517724
ipg090217.xml,1,2016-07-16 05:28:45.746271
ipg090210.xml,1,2016-07-16 05:29:19.472809
ipg090203.xml,1,2016-07-16 05:29:57.310907
ipg090127.xml,1,2016-07-16 05:30:33.632058
ipg090120.xml,1,2016-07-16 05:31:03.497760
ipg090113.xml,1,2016-07-16 05:31:36.369383
ipg090106.xml,1,2016-07-16 05:32:13.211281
ipg081230.xml,1,2016-07-16 05:32:48.183218
ipg081223.xml,1,2016-07-16 05:33:19.565692
ipg081216.xml,1,2016-07-16 05:34:06.209601
ipg081209.xml,1,2016-07-16 05:34:44.950681
ipg081202.xml,1,2016-07-16 05:35:27.967861
ipg081125.xml,1,2016-07-16 05:36:04.958822
ipg081118.xml,1,2016-07-16 05:36:49.369939
ipg081111.xml,1,2016-07-16 05:37:30.500918
ipg081104.xml,1,2016-07-16 05:38:05.585655
ipg081028.xml,1,2016-07-16 05:38:45.387708
ipg081021.xml,1,2016-07-16 05:39:23.456403
ipg081014.xml,1,2016-07-16 05:40:13.272833
ipg081007.xml,1,2016-07-16 05:40:55.368132
ipg080930.xml,1,2016-07-16 05:41:24.312715
ipg080923.xml,1,2016-07-16 05:41:52.773517
ipg080916.xml,1,2016-07-16 05:42:24.021696
ipg080909.xml,1,2016-07-16 05:43:00.458555
ipg080902.xml,1,2016-07-16 05:43:36.697676
ipg080826.xml,1,2016-07-16 05:44:07.692077
ipg080819.xml,1,2016-07-16 05:44:40.844795
ipg080812.xml,1,2016-07-16 05:45:16.578401
ipg080805.xml,1,2016-07-16 05:45:47.304117
ipg080729.xml,1,2016-07-16 05:46:09.713414
ipg080722.xml,1,2016-07-16 05:46:33.198642
ipg080715.xml,1,2016-07-16 05:46:56.893782
ipg080708.xml,1,2016-07-16 05:47:22.555566
ipg080701.xml,1,2016-07-16 05:47:48.907710
ipg080624.xml,1,2016-07-16 05:48:16.541402
ipg080617.xml,1,2016-07-16 05:48:36.477575
ipg080610.xml,1,2016-07-16 05:49:07.384905
ipg080603.xml,1,2016-07-16 05:49:35.213742
ipg080527.xml,1,2016-07-16 05:50:07.948506
ipg080520.xml,1,2016-07-16 05:50:34.547742
ipg080513.xml,1,2016-07-16 05:51:08.497326
ipg080506.xml,1,2016-07-16 05:51:37.498362
ipg080429.xml,1,2016-07-16 05:52:09.013290
ipg080422.xml,1,2016-07-16 05:52:40.030360
ipg080415.xml,1,2016-07-16 05:53:07.196471
ipg080408.xml,1,2016-07-16 05:53:33.103085
ipg080401.xml,1,2016-07-16 05:54:01.873640
ipg080325.xml,1,2016-07-16 05:54:29.808789
ipg080318.xml,1,2016-07-16 05:55:00.626349
ipg080311.xml,1,2016-07-16 05:55:24.210984
ipg080304.xml,1,2016-07-16 05:55:52.170821
ipg080226.xml,1,2016-07-16 05:56:20.070865
ipg080219.xml,1,2016-07-16 05:56:52.742986
ipg080212.xml,1,2016-07-16 05:57:28.060513
ipg080205.xml,1,2016-07-16 05:57:59.422737
ipg080129.xml,1,2016-07-16 05:58:40.514888
ipg080122.xml,1,2016-07-16 05:59:09.253152
ipg080115.xml,1,2016-07-16 05:59:36.085593
ipg080108.xml,1,2016-07-16 05:59:55.822431
ipg080101.xml,1,2016-07-16 06:00:14.394192
ipg071225.xml,1,2016-07-16 06:00:46.537605
ipg071218.xml,1,2016-07-16 06:01:10.515643
ipg071211.xml,1,2016-07-16 06:01:35.349721
ipg071204.xml,1,2016-07-16 06:02:01.971994
ipg071127.xml,1,2016-07-16 06:02:32.357605
ipg071120.xml,1,2016-07-16 06:02:59.769520
ipg071113.xml,1,2016-07-16 06:03:26.406845
ipg071106.xml,1,2016-07-16 06:03:53.017578
ipg071030.xml,1,2016-07-16 06:04:16.753043
ipg071023.xml,1,2016-07-16 06:04:42.201236
ipg071016.xml,1,2016-07-16 06:05:08.892529
ipg071009.xml,1,2016-07-16 06:05:33.475205
ipg071002.xml,1,2016-07-16 06:06:00.959982
ipg070925.xml,1,2016-07-16 06:06:22.641484
ipg070918.xml,1,2016-07-16 06:06:48.040970
ipg070911.xml,1,2016-07-16 06:07:13.105230
ipg070904.xml,1,2016-07-16 06:07:42.616719
ipg070828.xml,1,2016-07-16 06:08:06.471131
ipg070821.xml,1,2016-07-16 06:08:32.921214
ipg070814.xml,1,2016-07-16 06:08:59.325867
ipg070807.xml,1,2016-07-16 06:09:24.042518
ipg070731.xml,1,2016-07-16 06:09:45.548556
ipg070724.xml,1,2016-07-16 06:10:10.762813
ipg070717.xml,1,2016-07-16 06:10:37.346183
ipg070710.xml,1,2016-07-16 06:11:02.240534
ipg070703.xml,1,2016-07-16 06:11:29.760022
ipg070626.xml,1,2016-07-16 06:11:56.625059
ipg070619.xml,1,2016-07-16 06:12:17.193576
ipg070612.xml,1,2016-07-16 06:12:45.736210
ipg070605.xml,1,2016-07-16 06:13:11.609979
ipg070529.xml,1,2016-07-16 06:13:39.969742
ipg070522.xml,1,2016-07-16 06:14:07.373110
ipg070515.xml,1,2016-07-16 06:14:31.495412
ipg070508.xml,1,2016-07-16 06:14:56.201850
ipg070501.xml,1,2016-07-16 06:15:22.613045
ipg070424.xml,1,2016-07-16 06:15:51.492960
ipg070417.xml,1,2016-07-16 06:16:19.925824
ipg070410.xml,1,2016-07-16 06:16:44.097271
ipg070403.xml,1,2016-07-16 06:17:11.202001
ipg070327.xml,1,2016-07-16 06:17:38.310617
ipg070320.xml,1,2016-07-16 06:18:07.108581
ipg070313.xml,1,2016-07-16 06:18:35.464898
ipg070306.xml,1,2016-07-16 06:19:01.632942
ipg070227.xml,1,2016-07-16 06:19:30.006674
ipg070220.xml,1,2016-07-16 06:20:03.002810
ipg070213.xml,1,2016-07-16 06:20:32.241436
ipg070206.xml,1,2016-07-16 06:20:55.497046
ipg070130.xml,1,2016-07-16 06:21:23.715604
ipg070123.xml,1,2016-07-16 06:21:51.963796
ipg070116.xml,1,2016-07-16 06:22:13.227259
ipg070109.xml,1,2016-07-16 06:22:43.189431
ipg070102.xml,1,2016-07-16 06:23:14.422407
ipg061226.xml,1,2016-07-16 06:23:44.213539
ipg061219.xml,1,2016-07-16 06:24:02.580855
ipg061212.xml,1,2016-07-16 06:24:30.090932
ipg061205.xml,1,2016-07-16 06:25:00.497525
ipg061128.xml,1,2016-07-16 06:25:28.737066
ipg061121.xml,1,2016-07-16 06:25:53.661713
ipg061114.xml,1,2016-07-16 06:26:19.410355
ipg061107.xml,1,2016-07-16 06:26:42.854577
ipg061031.xml,1,2016-07-16 06:27:10.555540
ipg061024.xml,1,2016-07-16 06:27:39.375843
ipg061017.xml,1,2016-07-16 06:28:09.730123
ipg061010.xml,1,2016-07-16 06:28:37.626077
ipg061003.xml,1,2016-07-16 06:29:06.999545
ipg060926.xml,1,2016-07-16 06:29:29.247892
ipg060919.xml,1,2016-07-16 06:29:59.332492
ipg060912.xml,1,2016-07-16 06:30:30.259244
ipg060905.xml,1,2016-07-16 06:31:00.074656
ipg060829.xml,1,2016-07-16 06:31:30.926112
ipg060822.xml,1,2016-07-16 06:31:59.229634
ipg060815.xml,1,2016-07-16 06:32:27.277235
ipg060808.xml,1,2016-07-16 06:32:55.856059
ipg060801.xml,1,2016-07-16 06:33:26.132040
ipg060725.xml,1,2016-07-16 06:33:43.816654
ipg060718.xml,1,2016-07-16 06:34:13.788351
ipg060711.xml,1,2016-07-16 06:34:47.087934
ipg060704.xml,1,2016-07-16 06:35:20.605280
ipg060627.xml,1,2016-07-16 06:35:53.715396
ipg060620.xml,1,2016-07-16 06:36:16.850875
ipg060613.xml,1,2016-07-16 06:36:46.465577
ipg060606.xml,1,2016-07-16 06:37:16.092965
ipg060530.xml,1,2016-07-16 06:37:48.491905
ipg060523.xml,1,2016-07-16 06:38:18.740084
ipg060516.xml,1,2016-07-16 06:38:49.031891
ipg060509.xml,1,2016-07-16 06:39:19.874396
ipg060502.xml,1,2016-07-16 06:39:49.399590
ipg060425.xml,1,2016-07-16 06:40:23.613713
ipg060418.xml,1,2016-07-16 06:40:56.284883
ipg060411.xml,1,2016-07-16 06:41:23.533377
ipg060404.xml,1,2016-07-16 06:41:50.954951
ipg060328.xml,1,2016-07-16 06:42:20.156302
ipg060321.xml,1,2016-07-16 06:42:47.517325
ipg060314.xml,1,2016-07-16 06:43:08.523513
ipg060307.xml,1,2016-07-16 06:43:33.517158
ipg060228.xml,1,2016-07-16 06:44:01.647894
ipg060221.xml,1,2016-07-16 06:44:27.653847
ipg060214.xml,1,2016-07-16 06:44:52.392316
ipg060207.xml,1,2016-07-16 06:45:19.307410
ipg060131.xml,1,2016-07-16 06:45:43.973753
ipg060124.xml,1,2016-07-16 06:46:04.514224
ipg060117.xml,1,2016-07-16 06:46:22.095947
ipg060110.xml,1,2016-07-16 06:46:44.153411
ipg060103.xml,1,2016-07-16 06:46:58.953155
ipg051227.xml,1,2016-07-16 06:47:19.992024
ipg051220.xml,1,2016-07-16 06:47:34.009310
ipg051213.xml,1,2016-07-16 06:47:55.627636
ipg051206.xml,1,2016-07-16 06:48:13.440345
ipg051129.xml,1,2016-07-16 06:48:32.656883
ipg051122.xml,1,2016-07-16 06:48:51.283271
ipg051115.xml,1,2016-07-16 06:49:07.682307
ipg051108.xml,1,2016-07-16 06:49:26.442390
ipg051101.xml,1,2016-07-16 06:49:46.210192
ipg051025.xml,1,2016-07-16 06:50:02.267593
ipg051018.xml,1,2016-07-16 06:50:22.375967
ipg051011.xml,1,2016-07-16 06:50:41.224396
ipg051004.xml,1,2016-07-16 06:51:03.453441
ipg050927.xml,1,2016-07-16 06:51:26.990808
ipg050920.xml,1,2016-07-16 06:51:50.739713
ipg050913.xml,1,2016-07-16 06:52:14.508334
ipg050906.xml,1,2016-07-16 06:52:37.660365
ipg050830.xml,1,2016-07-16 06:53:09.594655
ipg050823.xml,1,2016-07-16 06:53:37.299614
ipg050816.xml,1,2016-07-16 06:54:07.620623
ipg050809.xml,1,2016-07-16 06:54:30.590250
ipg050802.xml,1,2016-07-16 06:54:57.034076
ipg050726.xml,1,2016-07-16 06:55:20.327172
ipg050719.xml,1,2016-07-16 06:55:50.395456
ipg050712.xml,1,2016-07-16 06:56:19.927738
ipg050705.xml,1,2016-07-16 06:56:45.153391
ipg050628.xml,1,2016-07-16 06:57:06.417904
ipg050621.xml,1,2016-07-16 06:57:29.926847
ipg050614.xml,1,2016-07-16 06:57:58.954776
ipg050607.xml,1,2016-07-16 06:58:32.442838
ipg050531.xml,1,2016-07-16 06:59:05.004938
ipg050524.xml,1,2016-07-16 06:59:35.879720
ipg050517.xml,1,2016-07-16 07:00:05.418720
ipg050510.xml,1,2016-07-16 07:00:45.473117
ipg050503.xml,1,2016-07-16 07:01:09.360042
ipg050426.xml,1,2016-07-16 07:01:38.820632
ipg050419.xml,1,2016-07-16 07:02:08.466997
ipg050412.xml,1,2016-07-16 07:02:36.248230
ipg050405.xml,1,2016-07-16 07:03:00.883328
ipg050329.xml,1,2016-07-16 07:03:22.346095
ipg050322.xml,1,2016-07-16 07:03:44.103912
ipg050315.xml,1,2016-07-16 07:04:05.057900
ipg050308.xml,1,2016-07-16 07:04:28.475167
ipg050301.xml,1,2016-07-16 07:04:48.938653
ipg050222.xml,1,2016-07-16 07:05:13.131317
ipg050215.xml,1,2016-07-16 07:05:37.889279
ipg050208.xml,1,2016-07-16 07:06:03.856878
ipg050201.xml,1,2016-07-16 07:06:30.253904
ipg050125.xml,1,2016-07-16 07:06:52.544766
ipg050118.xml,1,2016-07-16 07:07:12.513471
ipg050111.xml,1,2016-07-16 07:07:38.271456
ipg050104.xml,1,2016-07-16 07:08:03.170594
pg041228.xml,1,2016-07-16 07:08:31.751889
pg041221.xml,1,2016-07-16 07:08:52.799434
pg041214.xml,1,2016-07-16 07:09:20.696857
pg041207.xml,1,2016-07-16 07:09:46.260565
pg041130.xml,1,2016-07-16 07:10:14.263933
pg041123.xml,1,2016-07-16 07:10:41.310006
pg041116.xml,1,2016-07-16 07:11:05.808776
pg041109.xml,1,2016-07-16 07:11:27.914403
pg041102.xml,1,2016-07-16 07:11:54.010301
pg041026.xml,1,2016-07-16 07:12:15.850774
pg041019.xml,1,2016-07-16 07:12:37.198721
pg041012.xml,1,2016-07-16 07:12:57.729094
pg041005.xml,1,2016-07-16 07:13:19.803204
pg040928.xml,1,2016-07-16 07:13:41.729273
pg040921.xml,1,2016-07-16 07:14:05.796110
pg040914.xml,1,2016-07-16 07:14:28.831889
pg040907.xml,1,2016-07-16 07:14:54.281274
pg040831.xml,1,2016-07-16 07:15:18.187234
pg040824.xml,1,2016-07-16 07:15:39.561285
pg040817.xml,1,2016-07-16 07:16:05.340020
pg040810.xml,1,2016-07-16 07:16:29.596103
pg040803.xml,1,2016-07-16 07:16:53.817159
pg040727.xml,1,2016-07-16 07:17:13.770856
pg040720.xml,1,2016-07-16 07:17:33.873142
pg040713.xml,1,2016-07-16 07:17:51.915705
pg040706.xml,1,2016-07-16 07:18:15.026778
pg040629.xml,1,2016-07-16 07:18:37.944223
pg040622.xml,1,2016-07-16 07:19:00.204128
pg040615.xml,1,2016-07-16 07:19:24.804092
pg040608.xml,1,2016-07-16 07:19:48.845148
pg040601.xml,1,2016-07-16 07:20:11.331301
pg040525.xml,1,2016-07-16 07:20:36.508396
pg040518.xml,1,2016-07-16 07:20:59.398199
pg040511.xml,1,2016-07-16 07:21:22.914361
pg040504.xml,1,2016-07-16 07:21:48.843479
pg040427.xml,1,2016-07-16 07:22:13.805663
pg040420.xml,1,2016-07-16 07:22:38.472080
pg040413.xml,1,2016-07-16 07:23:03.634361
pg040406.xml,1,2016-07-16 07:23:28.710548
pg040330.xml,1,2016-07-16 07:23:54.103602
pg040323.xml,1,2016-07-16 07:24:18.941586
pg040316.xml,1,2016-07-16 07:24:44.094085
pg040309.xml,1,2016-07-16 07:25:10.035760
pg040302.xml,1,2016-07-16 07:25:34.700755
pg040224.xml,1,2016-07-16 07:26:01.756370
pg040217.xml,1,2016-07-16 07:26:25.187502
pg040210.xml,1,2016-07-16 07:26:51.100867
pg040203.xml,1,2016-07-16 07:27:15.932901
pg040127.xml,1,2016-07-16 07:27:37.879255
pg040120.xml,1,2016-07-16 07:27:54.146559
pg040113.xml,1,2016-07-16 07:28:19.133711
pg040106.xml,1,2016-07-16 07:28:46.837759
pg031230.xml,1,2016-07-16 07:29:13.295200
pg031223.xml,1,2016-07-16 07:29:31.188388
pg031216.xml,1,2016-07-16 07:29:49.410767
pg031209.xml,1,2016-07-16 07:30:09.577321
pg031202.xml,1,2016-07-16 07:30:28.022595
pg031125.xml,1,2016-07-16 07:30:47.864516
pg031118.xml,1,2016-07-16 07:31:08.069583
pg031111.xml,1,2016-07-16 07:31:27.433254
pg031104.xml,1,2016-07-16 07:31:45.125086
pg031028.xml,1,2016-07-16 07:32:03.728620
pg031021.xml,1,2016-07-16 07:32:23.480140
pg031014.xml,1,2016-07-16 07:32:43.714894
pg031007.xml,1,2016-07-16 07:33:01.095425
pg030930.xml,1,2016-07-16 07:33:23.419444
pg030923.xml,1,2016-07-16 07:33:44.633156
pg030916.xml,1,2016-07-16 07:34:07.448367
pg030909.xml,1,2016-07-16 07:34:30.657285
pg030902.xml,1,2016-07-16 07:34:55.564315
pg030826.xml,1,2016-07-16 07:35:22.115572
pg030819.xml,1,2016-07-16 07:35:42.041987
pg030812.xml,1,2016-07-16 07:36:01.626545
pg030805.xml,1,2016-07-16 07:36:23.550770
pg030729.xml,1,2016-07-16 07:36:44.696162
pg030722.xml,1,2016-07-16 07:37:09.539450
pg030715.xml,1,2016-07-16 07:37:34.658786
pg030708.xml,1,2016-07-16 07:37:56.770742
pg030701.xml,1,2016-07-16 07:38:22.097105
pg030624.xml,1,2016-07-16 07:38:45.090093
pg030617.xml,1,2016-07-16 07:39:04.592189
pg030610.xml,1,2016-07-16 07:39:28.759418
pg030603.xml,1,2016-07-16 07:39:51.242872
pg030527.xml,1,2016-07-16 07:40:17.765889
pg030520.xml,1,2016-07-16 07:40:43.299436
pg030513.xml,1,2016-07-16 07:41:07.764450
pg030506.xml,1,2016-07-16 07:41:33.211156
pg030429.xml,1,2016-07-16 07:41:58.621344
pg030422.xml,1,2016-07-16 07:42:22.564520
pg030415.xml,1,2016-07-16 07:42:49.717354
pg030408.xml,1,2016-07-16 07:43:19.786985
pg030401.xml,1,2016-07-16 07:43:45.952600
pg030325.xml,1,2016-07-16 07:44:11.970790
pg030318.xml,1,2016-07-16 07:44:36.946981
pg030311.xml,1,2016-07-16 07:44:54.346986
pg030304.xml,1,2016-07-16 07:45:18.015682
pg030225.xml,1,2016-07-16 07:45:39.900999
pg030218.xml,1,2016-07-16 07:46:03.531772
pg030211.xml,1,2016-07-16 07:46:26.977773
pg030204.xml,1,2016-07-16 07:46:50.435384
pg030128.xml,1,2016-07-16 07:47:07.022860
pg030121.xml,1,2016-07-16 07:47:25.304051
pg030114.xml,1,2016-07-16 07:47:44.012740
pg030107.xml,1,2016-07-16 07:48:05.412750
pg021231.xml,1,2016-07-16 07:48:27.080048
pg021224.xml,1,2016-07-16 07:48:45.476437
pg021217.xml,1,2016-07-16 07:49:08.516243
pg021210.xml,1,2016-07-16 07:49:35.087040
pg021203.xml,1,2016-07-16 07:50:00.999126
pg021126.xml,1,2016-07-16 07:50:27.420693
pg021119.xml,1,2016-07-16 07:50:49.636293
pg021112.xml,1,2016-07-16 07:51:13.896551
pg021105.xml,1,2016-07-16 07:51:45.112994
pg021029.xml,1,2016-07-16 07:52:11.142707
pg021022.xml,1,2016-07-16 07:52:38.477970
pg021015.xml,1,2016-07-16 07:53:09.354641
pg021008.xml,1,2016-07-16 07:53:37.067769
pg021001.xml,1,2016-07-16 07:54:03.785587
pg020924.xml,1,2016-07-16 07:54:32.318572
pg020917.xml,1,2016-07-16 07:55:05.189870
pg020910.xml,1,2016-07-16 07:55:30.014888
pg020903.xml,1,2016-07-16 07:55:53.554984
pg020827.xml,1,2016-07-16 07:56:21.024035
pg020820.xml,1,2016-07-16 07:56:52.736162
pg020813.xml,1,2016-07-16 07:57:25.488273
pg020806.xml,1,2016-07-16 07:57:49.486534
pg020730.xml,1,2016-07-16 07:58:08.783145
pg020723.xml,1,2016-07-16 07:58:32.856612
pg020716.xml,1,2016-07-16 07:59:01.594662
pg020709.xml,1,2016-07-16 07:59:25.698733
pg020702.xml,1,2016-07-16 07:59:51.628592
pg020625.xml,1,2016-07-16 08:00:19.157916
pg020618.xml,1,2016-07-16 08:00:46.162324
pg020611.xml,1,2016-07-16 08:01:19.488393
pg020604.xml,1,2016-07-16 08:01:44.887428
pg020528.xml,1,2016-07-16 08:02:13.557084
pg020521.xml,1,2016-07-16 08:02:40.848906
pg020514.xml,1,2016-07-16 08:03:10.845280
pg020507.xml,1,2016-07-16 08:03:37.625639
pg020430.xml,1,2016-07-16 08:04:06.231422
pg020423.xml,1,2016-07-16 08:04:32.540800
pg020416.xml,1,2016-07-16 08:05:00.028603
pg020409.xml,1,2016-07-16 08:05:26.577893
pg020402.xml,1,2016-07-16 08:05:48.499700
pg020326.xml,1,2016-07-16 08:06:13.391555
pg020319.xml,1,2016-07-16 08:06:36.046719
pg020312.xml,1,2016-07-16 08:06:57.932965
pg020305.xml,1,2016-07-16 08:07:14.641050
pg020226.xml,1,2016-07-16 08:07:32.343750
pg020219.xml,1,2016-07-16 08:07:49.515514
pg020212.xml,1,2016-07-16 08:08:04.755496
pg020205.xml,1,2016-07-16 08:08:38.132143
pg020129.xml,1,2016-07-16 08:09:07.726775
pg020122.xml,1,2016-07-16 08:09:32.510146
pg020115.xml,1,2016-07-16 08:09:56.155668
pg020108.xml,1,2016-07-16 08:10:26.276815
pg020101.xml,1,2016-07-16 08:10:54.045134
pg011225.xml,1,2016-07-16 08:11:09.734715
pg011218.xml,1,2016-07-16 08:11:23.831281
pg011211.xml,1,2016-07-16 08:11:44.241125
pg011204.xml,1,2016-07-16 08:12:05.328434
pg011127.xml,1,2016-07-16 08:12:27.213552
pg011120.xml,1,2016-07-16 08:12:49.025122
pg011113.xml,1,2016-07-16 08:13:14.078540
pg011106.xml,1,2016-07-16 08:13:37.919480
pg011030.xml,1,2016-07-16 08:13:58.509713
pg011023.xml,1,2016-07-16 08:14:22.511555
pg011016.xml,1,2016-07-16 08:14:44.885920
pg011009.xml,1,2016-07-16 08:15:07.011289
pg011002.xml,1,2016-07-16 08:15:27.748634
pg010925.xml,1,2016-07-16 08:15:47.926542
pg010918.xml,1,2016-07-16 08:16:15.049769
pg010911.xml,1,2016-07-16 08:16:41.443272
pg010904.xml,1,2016-07-16 08:17:04.608815
pg010828.xml,1,2016-07-16 08:17:30.733003
pg010821.xml,1,2016-07-16 08:17:56.227978
pg010814.xml,1,2016-07-16 08:18:17.149830
pg010807.xml,1,2016-07-16 08:18:41.181817
pg010731.xml,1,2016-07-16 08:18:59.555163
pg010724.xml,1,2016-07-16 08:19:23.464131
pg010717.xml,1,2016-07-16 08:19:50.503312
pg010710.xml,1,2016-07-16 08:20:14.565720
pg010703.xml,1,2016-07-16 08:20:37.811121
pg010626.xml,1,2016-07-16 08:20:56.324224
pg010619.xml,1,2016-07-16 08:21:11.575951
pg010612.xml,1,2016-07-16 08:21:29.149548
pg010605.xml,1,2016-07-16 08:21:46.920482
pg010529.xml,1,2016-07-16 08:22:02.445762
pg010522.xml,1,2016-07-16 08:22:20.982191
pg010515.xml,1,2016-07-16 08:22:38.546573
pg010508.xml,1,2016-07-16 08:22:55.911477
pg010501.xml,1,2016-07-16 08:23:14.205859
pg010424.xml,1,2016-07-16 08:23:32.188712
pg010417.xml,1,2016-07-16 08:23:49.833252
pg010410.xml,1,2016-07-16 08:24:07.025715
pg010403.xml,1,2016-07-16 08:24:24.053509
pg010327.xml,1,2016-07-16 08:24:41.928046
pg010320.xml,1,2016-07-16 08:24:57.748567
pg010313.xml,1,2016-07-16 08:25:14.164890
pg010306.xml,1,2016-07-16 08:25:30.871816
pg010227.xml,1,2016-07-16 08:25:46.180632
pg010220.xml,1,2016-07-16 08:26:02.405259
pg010213.xml,1,2016-07-16 08:26:18.167095
pg010206.xml,1,2016-07-16 08:26:35.336723
pg010130.xml,1,2016-07-16 08:26:52.698655
pg010123.xml,1,2016-07-16 08:27:04.184114
pg010116.xml,1,2016-07-16 08:27:16.774567
pg010109.xml,1,2016-07-16 08:27:33.191536
pg010102.xml,1,2016-07-16 08:27:45.686322
pftaps20011225_wk52.xml,1,2016-07-16 08:27:56.261392
pftaps20011218_wk51.xml,1,2016-07-16 08:28:04.976772
pftaps20011211_wk50.xml,1,2016-07-16 08:28:18.858729
pftaps20011204_wk49.xml,1,2016-07-16 08:28:31.875442
pftaps20011127_wk48.xml,1,2016-07-16 08:28:46.887072
pftaps20011120_wk47.xml,1,2016-07-16 08:29:00.727206
pftaps20011113_wk46.xml,1,2016-07-16 08:29:14.792283
pftaps20011106_wk45.xml,1,2016-07-16 08:29:29.794596
pftaps20011030_wk44.xml,1,2016-07-16 08:29:43.653960
pftaps20011023_wk43.xml,1,2016-07-16 08:29:58.107966
pftaps20011016_wk42.xml,1,2016-07-16 08:30:13.140849
pftaps20011009_wk41.xml,1,2016-07-16 08:30:26.664919
pftaps20011002_wk40.xml,1,2016-07-16 08:30:39.487735
pftaps20010925_wk39.xml,1,2016-07-16 08:30:50.702390
pftaps20010918_wk38.xml,1,2016-07-16 08:31:06.679786
pftaps20010911_wk37.xml,1,2016-07-16 08:31:22.810968
pftaps20010904_wk36.xml,1,2016-07-16 08:31:37.576378
pftaps20010828_wk35.xml,1,2016-07-16 08:31:53.149574
pftaps20010821_wk34.xml,1,2016-07-16 08:32:06.963801
pftaps20010814_wk33.xml,1,2016-07-16 08:32:21.393211
pftaps20010807_wk32.xml,1,2016-07-16 08:32:36.575119
pftaps20010731_wk31.xml,1,2016-07-16 08:32:49.721598
pftaps20010724_wk30.xml,1,2016-07-16 08:33:03.998286
pftaps20010717_wk29.xml,1,2016-07-16 08:33:20.029715
pftaps20010710_wk28.xml,1,2016-07-16 08:33:34.585128
pftaps20010703_wk27.xml,1,2016-07-16 08:33:49.110865
pftaps20010626_wk26.xml,1,2016-07-16 08:34:05.086644
pftaps20010619_wk25.xml,1,2016-07-16 08:34:17.896890
pftaps20010612_wk24.xml,1,2016-07-16 08:34:33.135309
pftaps20010605_wk23.xml,1,2016-07-16 08:34:49.266158
pftaps20010529_wk22.xml,1,2016-07-16 08:35:03.307632
pftaps20010522_wk21.xml,1,2016-07-16 08:35:17.396186
pftaps20010515_wk20.xml,1,2016-07-16 08:35:31.576501
pftaps20010508_wk19.xml,1,2016-07-16 08:35:46.250809
pftaps20010501_wk18.xml,1,2016-07-16 08:36:01.204192
pftaps20010424_wk17.xml,1,2016-07-16 08:36:16.985537
pftaps20010417_wk16.xml,1,2016-07-16 08:36:32.554100
pftaps20010410_wk15.xml,1,2016-07-16 08:36:48.882250
pftaps20010403_wk14.xml,1,2016-07-16 08:37:04.087302
pftaps20010327_wk13.xml,1,2016-07-16 08:37:18.901654
pftaps20010320_wk12.xml,1,2016-07-16 08:37:32.976803
pftaps20010313_wk11.xml,1,2016-07-16 08:37:45.979586
pftaps20010306_wk10.xml,1,2016-07-16 08:38:01.484913
pftaps20010227_wk09.xml,1,2016-07-16 08:38:15.466202
pftaps20010220_wk08.xml,1,2016-07-16 08:38:28.932807
pftaps20010213_wk07.xml,1,2016-07-16 08:38:41.861781
pftaps20010206_wk06.xml,1,2016-07-16 08:39:01.160816
pftaps20010130_wk05.xml,1,2016-07-16 08:39:18.629018
pftaps20010123_wk04.xml,1,2016-07-16 08:39:33.631185
pftaps20010116_wk03.xml,1,2016-07-16 08:39:46.162791
pftaps20010109_wk02.xml,1,2016-07-16 08:40:03.435610
pftaps20010102_wk01.xml,1,2016-07-16 08:40:22.874548
pftaps20001226_wk52.xml,1,2016-07-16 08:40:46.335682
pftaps20001219_wk51.xml,1,2016-07-16 08:41:05.662776
pftaps20001212_wk50.xml,1,2016-07-16 08:41:28.526623
pftaps20001205_wk49.xml,1,2016-07-16 08:41:48.451335
pftaps20001128_wk48.xml,1,2016-07-16 08:42:07.682936
pftaps20001121_wk47.xml,1,2016-07-16 08:42:25.055522
pftaps20001114_wk46.xml,1,2016-07-16 08:42:45.244908
pftaps20001107_wk45.xml,1,2016-07-16 08:43:08.703662
pftaps20001031_wk44.xml,1,2016-07-16 08:43:30.883957
pftaps20001024_wk43.xml,1,2016-07-16 08:43:49.800445
pftaps20001017_wk42.xml,1,2016-07-16 08:44:14.825038
pftaps20001010_wk41.xml,1,2016-07-16 08:44:36.769895
pftaps20001003_wk40.xml,1,2016-07-16 08:44:56.807276
pftaps20000926_wk39.xml,1,2016-07-16 08:45:14.721553
pftaps20000919_wk38.xml,1,2016-07-16 08:45:36.642109
pftaps20000912_wk37.xml,1,2016-07-16 08:45:55.803924
pftaps20000905_wk36.xml,1,2016-07-16 08:46:21.380869
pftaps20000829_wk35.xml,1,2016-07-16 08:46:42.745508
pftaps20000822_wk34.xml,1,2016-07-16 08:47:09.169926
pftaps20000815_wk33.xml,1,2016-07-16 08:47:28.846815
pftaps20000808_wk32.xml,1,2016-07-16 08:47:44.299561
pftaps20000801_wk31.xml,1,2016-07-16 08:48:03.158252
pftaps20000725_wk30.xml,1,2016-07-16 08:48:23.028109
pftaps20000718_wk29.xml,1,2016-07-16 08:48:46.832458
pftaps20000711_wk28.xml,1,2016-07-16 08:49:11.180547
pftaps20000704_wk27.xml,1,2016-07-16 08:49:26.746102
pftaps20000627_wk26.xml,1,2016-07-16 08:49:40.628215
pftaps20000620_wk25.xml,1,2016-07-16 08:49:53.813451
pftaps20000613_wk24.xml,1,2016-07-16 08:50:11.775241
pftaps20000606_wk23.xml,1,2016-07-16 08:50:27.409126
pftaps20000530_wk22.xml,1,2016-07-16 08:50:40.491488
pftaps20000523_wk21.xml,1,2016-07-16 08:50:57.477958
pftaps20000516_wk20.xml,1,2016-07-16 08:51:15.427106
pftaps20000509_wk19.xml,1,2016-07-16 08:51:29.890082
pftaps20000502_wk18.xml,1,2016-07-16 08:51:44.227495
pftaps20000425_wk17.xml,1,2016-07-16 08:51:59.074969
pftaps20000418_wk16.xml,1,2016-07-16 08:52:16.887329
pftaps20000411_wk15.xml,1,2016-07-16 08:52:31.488379
pftaps20000404_wk14.xml,1,2016-07-16 08:52:48.395401
pftaps20000328_wk13.xml,1,2016-07-16 08:53:05.476329
pftaps20000321_wk12.xml,1,2016-07-16 08:53:17.649862
pftaps20000314_wk11.xml,1,2016-07-16 08:53:31.237688
pftaps20000307_wk10.xml,1,2016-07-16 08:53:47.485882
pftaps20000229_wk09.xml,1,2016-07-16 08:54:00.385680
pftaps20000222_wk08.xml,1,2016-07-16 08:54:12.427454
pftaps20000215_wk07.xml,1,2016-07-16 08:54:24.940854
pftaps20000208_wk06.xml,1,2016-07-16 08:54:35.517383
pftaps20000201_wk05.xml,1,2016-07-16 08:54:48.005311
pftaps20000125_wk04.xml,1,2016-07-16 08:55:01.464438
pftaps20000118_wk03.xml,1,2016-07-16 08:55:14.619244
pftaps20000111_wk02.xml,1,2016-07-16 08:55:30.364845
pftaps20000104_wk01.xml,1,2016-07-16 08:55:42.724829
pftaps19991228_wk52.xml,1,2016-07-16 08:56:00.451666
pftaps19991221_wk51.xml,1,2016-07-16 08:56:21.175870
pftaps19991214_wk50.xml,1,2016-07-16 08:56:42.496600
pftaps19991207_wk49.xml,1,2016-07-16 08:57:07.175460
pftaps19991130_wk48.xml,1,2016-07-16 08:57:29.982251
pftaps19991123_wk47.xml,1,2016-07-16 08:57:52.994786
pftaps19991116_wk46.xml,1,2016-07-16 08:58:13.926614
pftaps19991109_wk45.xml,1,2016-07-16 08:58:38.854326
pftaps19991102_wk44.xml,1,2016-07-16 08:58:59.458994
pftaps19991026_wk43.xml,1,2016-07-16 08:59:20.753988
pftaps19991019_wk42.xml,1,2016-07-16 08:59:43.804220
pftaps19991012_wk41.xml,1,2016-07-16 08:59:58.475529
pftaps19991005_wk40.xml,1,2016-07-16 09:00:15.989537
pftaps19990928_wk39.xml,1,2016-07-16 09:00:33.808636
pftaps19990921_wk38.xml,1,2016-07-16 09:00:47.805018
pftaps19990914_wk37.xml,1,2016-07-16 09:01:02.612165
pftaps19990907_wk36.xml,1,2016-07-16 09:01:16.928825
pftaps19990831_wk35.xml,1,2016-07-16 09:01:29.534736
pftaps19990824_wk34.xml,1,2016-07-16 09:01:41.442921
pftaps19990817_wk33.xml,1,2016-07-16 09:01:55.654376
pftaps19990810_wk32.xml,1,2016-07-16 09:02:09.235530
pftaps19990803_wk31.xml,1,2016-07-16 09:02:22.142150
pftaps19990727_wk30.xml,1,2016-07-16 09:02:37.600191
pftaps19990720_wk29.xml,1,2016-07-16 09:02:49.173089
pftaps19990713_wk28.xml,1,2016-07-16 09:03:03.254910
pftaps19990706_wk27.xml,1,2016-07-16 09:03:15.060943
pftaps19990629_wk26.xml,1,2016-07-16 09:03:27.479370
pftaps19990622_wk25.xml,1,2016-07-16 09:03:36.965136
pftaps19990615_wk24.xml,1,2016-07-16 09:03:47.941938
pftaps19990608_wk23.xml,1,2016-07-16 09:03:54.663328
pftaps19990601_wk22.xml,1,2016-07-16 09:04:02.527203
pftaps19990525_wk21.xml,1,2016-07-16 09:04:10.587102
pftaps19990518_wk20.xml,1,2016-07-16 09:04:19.181983
pftaps19990511_wk19.xml,1,2016-07-16 09:04:29.923545
pftaps19990504_wk18.xml,1,2016-07-16 09:04:39.634018
pftaps19990427_wk17.xml,1,2016-07-16 09:04:49.651916
pftaps19990420_wk16.xml,1,2016-07-16 09:04:58.714073
pftaps19990413_wk15.xml,1,2016-07-16 09:05:04.868356
pftaps19990406_wk14.xml,1,2016-07-16 09:05:18.269887
pftaps19990330_wk13.xml,1,2016-07-16 09:05:30.789100
pftaps19990323_wk12.xml,1,2016-07-16 09:05:43.059207
pftaps19990316_wk11.xml,1,2016-07-16 09:05:56.580430
pftaps19990309_wk10.xml,1,2016-07-16 09:06:10.825656
pftaps19990302_wk09.xml,1,2016-07-16 09:06:27.000440
pftaps19990223_wk08.xml,1,2016-07-16 09:06:39.915552
pftaps19990216_wk07.xml,1,2016-07-16 09:06:53.176495
pftaps19990209_wk06.xml,1,2016-07-16 09:07:06.629542
